Core Technical Skills,Communication Skills,Networking Skills
applicationdevelopment,teambuilding,ipsetup
architecture,teamwork,wirelessmodems
artificialintelligence,leadership,wirelessrouters
cloudcomputing,collaboration,cloudservices
html,writtencommuincation,php
c++,oralcommunication,sql
clanguage,activelistening,javascript
php,listening,python
uxdesign,storytelling,c++
python,contentmanagement,functionality
javascript,contentstrategy,cybersecurity
java,correspondance,informationmanagement
ruby,emailing,cloudsystemadministration
machinelearning,microsoftoffice,failuremanagement
ibmwatson,speechwriting,kmsmanagedencryption
hybridcloud,technicalwriting,encryption
datawarehouse,writing,enablesnetwork
datamanagement,advertising,encryptcontainers
internetofthings,editing,encrypt
datapipeline,businessstorytelling,configure
ibmcognos,articulating,configuration
naturallanguageprocessing,clarity,permissions
texttospeech,publicspeaking,smoothtransition
cognosanalytics,explaining,traceability
deepnetworks,persuasive,security
neuralnetworks,multilingual,monitoring
webservices,promoting,network
amazonweb,negotiating,
mlapplications,negotiation,
mlmodel,etiquette,
datatraining,confidence,
aws,collaborate,
amazonsagemaker,interpersonal,
deeplearning,socialskills,
evaluatemodel,brainstorming,
automation,crossfunctional,
azure,discuss,
autocad,dicussion,
webdesigning,dicussing,
api,creativethinking,
sagemakerare,foundationalcapabilities,
jupyternotebook,,
lambdafunction,,
lambdafunctions,,
deploys,,
deployment,,
featureengineering,,
datalake,,
algorithms,,
apache,,
airflow,,
amazonwebservices,,
gcp,,
googlecloudplatform,,
saas,,
sap,,
webprogramming,,
net,,
shellscripting,,
unix,,
linux,,
javscript,,
perl,,
sql,,
scripting,,
mongodb,,
ios,,
xml,,
git,,
cassandra,,
android,,
ajax,,
svn,,
mysql,,
hdfs,,
hadoop,,
mapreduce,,
erp,,
mvc,,
